Name,URL
Bay,https://www.bay.realforeclose.com/index.cfm?resetcfcobjs=1
Brevard,https://www.brevard.realforeclose.com/index.cfm?resetcfcobjs=1
Broward,https://www.broward.realforeclose.com/index.cfm?resetcfcobjs=1
Charlotte,https://www.charlotte.realforeclose.com/index.cfm?resetcfcobjs=1
Citrus Foreclosure,https://www.citrus.realforeclose.com/index.cfm?resetcfcobjs=1
Citrus Taxdeed,https://www.citrus.realforeclose.com/index.cfm?resetcfcobjs=1
Duval Tax Deed,https://www.duval.realforeclose.com/index.cfm?resetcfcobjs=1
Escambia Foreclosure,https://www.escambia.realforeclose.com/index.cfm?resetcfcobjs=1
Escambia Taxdeed,https://www.escambia.realforeclose.com/index.cfm?resetcfcobjs=1
Hillsborough Foreclosure,https://www.hillsborough.realforeclose.com/index.cfm?resetcfcobjs=1
Indian River,https://www.indian.realforeclose.com/index.cfm?resetcfcobjs=1
Lake Taxdeed,https://www.lake.realforeclose.com/index.cfm?resetcfcobjs=1
Lee Foreclosure,https://www.lee.realforeclose.com/index.cfm?resetcfcobjs=1
Lee Taxdeed,https://www.lee.realforeclose.com/index.cfm?resetcfcobjs=1
Leon Foreclosure,https://www.leon.realforeclose.com/index.cfm?resetcfcobjs=1
Leon Taxdeed,https://www.leon.realforeclose.com/index.cfm?resetcfcobjs=1
Manatee,https://www.manatee.realforeclose.com/index.cfm?resetcfcobjs=1
Marion Foreclosure,https://www.marion.realforeclose.com/index.cfm?resetcfcobjs=1
Martin,https://www.martin.realforeclose.com/index.cfm?resetcfcobjs=1
Miami-Dade,https://www.miami-dade.realforeclose.com/index.cfm?resetcfcobjs=1
Okaloosa,https://www.okaloosa.realforeclose.com/index.cfm?resetcfcobjs=1
Orange Foreclosure,https://www.orange.realforeclose.com/index.cfm?resetcfcobjs=1
Osceola Taxdeed,https://www.osceola.realforeclose.com/index.cfm?resetcfcobjs=1
Pasco,https://www.pasco.realforeclose.com/index.cfm?resetcfcobjs=1
Pinellas Foreclosure,https://www.pinellas.realforeclose.com/index.cfm?resetcfcobjs=1
Pinellas Taxdeed,https://www.pinellas.realforeclose.com/index.cfm?resetcfcobjs=1
Polk Foreclosure,https://www.polk.realforeclose.com/index.cfm?resetcfcobjs=1
Polk Taxdeed,https://www.polk.realforeclose.com/index.cfm?resetcfcobjs=1
Santa Rosa Foreclosure,https://www.santa rosa.realforeclose.com/index.cfm?resetcfcobjs=1
Sarasota,https://www.sarasota.realforeclose.com/index.cfm?resetcfcobjs=1
Volusia Foreclosure,https://www.volusia.realforeclose.com/index.cfm?resetcfcobjs=1
Volusia Taxdeed,https://www.volusia.realforeclose.com/index.cfm?resetcfcobjs=1
Walton,https://www.walton.realforeclose.com/index.cfm?resetcfcobjs=1
